{
  "model": "openai/clip-vit-base-patch32",
  "num_images": 300,
  "queries": {
    "a dog running": {
      "results": [
        [
          "2256218522_53b92bcbb2.jpg",
          0.3276638388633728
        ],
        [
          "2180480870_dcaf5ac0df.jpg",
          0.32743731141090393
        ],
        [
          "489372715_ce52da796a.jpg",
          0.32037049531936646
        ],
        [
          "3415165462_e1cb536d08.jpg",
          0.3203505873680115
        ],
        [
          "2110898123_07729c1461.jpg",
          0.3191223442554474
        ]
      ],
      "labels": [
        1,
        1,
        0,
        0,
        1
      ],
      "precision_at_k": 0.6,
      "k": 5
    },
    "children playing": {
      "results": [
        [
          "488549693_a1f51d8c4a.jpg",
          0.3199029564857483
        ],
        [
          "3132006797_04822b5866.jpg",
          0.311919629573822
        ],
        [
          "2850719435_221f15e951.jpg",
          0.3111048638820648
        ],
        [
          "2975073156_7543ed326f.jpg",
          0.3035264015197754
        ],
        [
          "3429641260_2f035c1813.jpg",
          0.29968538880348206
        ]
      ],
      "labels": [
        1,
        1,
        1,
        1,
        1
      ],
      "precision_at_k": 1.0,
      "k": 5
    },
    "a person on a bicycle": {
      "results": [
        [
          "3068994801_b2bc079e67.jpg",
          0.30841967463493347
        ],
        [
          "3517023411_a8fbd15230.jpg",
          0.28863099217414856
        ],
        [
          "2541701582_0a651c380f.jpg",
          0.28686192631721497
        ],
        [
          "2602679255_785b851b46.jpg",
          0.2808241546154022
        ],
        [
          "1928319708_ccf1f4ee72.jpg",
          0.27268490195274353
        ]
      ],
      "labels": [
        1,
        1,
        1,
        1,
        1
      ],
      "precision_at_k": 1.0,
      "k": 5
    }
  },
  "average_precision": 0.8666666666666667
}