Query Type,Method,Precision@5 (Mean),Precision@5 (Std),Precision@10 (Mean),Precision@10 (Std),N
Objective,CLIP,0.8333333333333334,0.2338090388900024,0.8333333333333334,0.16329931618554522,6
Objective,Feedback,0.9333333333333332,0.10327955589886444,0.8666666666666667,0.1505545305418162,6
Subjective,CLIP,0.5625,0.32015621187164245,0.51875,0.2948869840012158,16
Subjective,Feedback,0.7875000000000001,0.18574175621006708,0.7625,0.1927865832122834,16
