Dataset,Method,Precision@5,Precision@10,N Queries
stanford_dogs,CLIP,0.5142857142857143,0.5142857142857143,7
stanford_dogs,Feedback,0.7714285714285715,0.7428571428571429,7
flicker,CLIP,0.7999999999999999,0.7285714285714285,7
flicker,Feedback,0.8857142857142856,0.8571428571428573,7
celebA,CLIP,0.6,0.575,8
celebA,Feedback,0.825,0.775,8
