{
  "model": "openai/clip-vit-base-patch32",
  "num_images": 300,
  "queries": {
    "a dog running": {
      "results": [
        [
          "2256218522_53b92bcbb2.jpg",
          0.3277627229690552
        ],
        [
          "2180480870_dcaf5ac0df.jpg",
          0.3272247612476349
        ],
        [
          "3415165462_e1cb536d08.jpg",
          0.3201367259025574
        ],
        [
          "489372715_ce52da796a.jpg",
          0.320108026266098
        ],
        [
          "2110898123_07729c1461.jpg",
          0.31905415654182434
        ]
      ],
      "labels": [
        1,
        1,
        0,
        0,
        1
      ],
      "precision_at_k": 0.6,
      "k": 5
    },
    "children playing": {
      "results": [
        [
          "488549693_a1f51d8c4a.jpg",
          0.319791316986084
        ],
        [
          "3132006797_04822b5866.jpg",
          0.31178605556488037
        ],
        [
          "2850719435_221f15e951.jpg",
          0.31101739406585693
        ],
        [
          "2975073156_7543ed326f.jpg",
          0.3033832907676697
        ],
        [
          "3429641260_2f035c1813.jpg",
          0.29975682497024536
        ]
      ],
      "labels": [
        1,
        1,
        1,
        0,
        0
      ],
      "precision_at_k": 0.6,
      "k": 5
    },
    "a person on a bicycle": {
      "results": [
        [
          "3068994801_b2bc079e67.jpg",
          0.3084636926651001
        ],
        [
          "3517023411_a8fbd15230.jpg",
          0.2886078953742981
        ],
        [
          "2541701582_0a651c380f.jpg",
          0.2869056761264801
        ],
        [
          "2602679255_785b851b46.jpg",
          0.2808021008968353
        ],
        [
          "1928319708_ccf1f4ee72.jpg",
          0.27284619212150574
        ]
      ],
      "labels": [
        1,
        1,
        1,
        1,
        1
      ],
      "precision_at_k": 1.0,
      "k": 5
    }
  },
  "average_precision": 0.7333333333333334
}